seq_len,mean_ms,min_ms,max_ms,workspace_MB,peak_MB,max_abs_err
128,0.412541,0.410976,0.413984,1.75,442.062,2.56114e-09
256,0.727248,0.726176,0.72848,3.5,444.062,1.97906e-09
512,1.36059,1.35923,1.36205,7,450.062,2.67755e-09
1024,3.23294,3.2256,3.23862,14,458.062,skip
2048,8.33549,8.29782,8.46944,28,476.062,skip
4096,25.9128,25.8471,26.063,56,512.062,skip
8192,98.9997,98.7597,99.1766,112,584.062,skip
