seq_len,mean_ms,min_ms,max_ms,workspace_MB,peak_MB,max_abs_err,mean_abs_err,mean_rel_err
128,0.160986,0.159904,0.16256,2.25,442.062,0.0104523,2.99115e-05,6.64792e-06
256,0.216022,0.215328,0.216992,5.5,446.062,0.0199661,4.60686e-05,2.28434e-05
512,0.345786,0.345312,0.346272,15,458.062,0.0374398,4.39576e-05,1.38828e-05
1024,0.647952,0.646112,0.651488,46,490.062,skip,skip,skip
2048,1.92504,1.92346,1.92758,156,604.062,skip,skip,skip
4096,5.8307,5.82819,5.83299,568,1024.06,skip,skip,skip
